UTC,UTC -11,UTC -10,UTC -9,UTC -8,UTC -7,UTC -6,UTC -5,UTC -4,UTC -3,UTC -2,UTC -1,UTC 0,UTC 1,UTC 2,UTC 3,UTC 4,UTC 5,UTC 6,UTC 7,UTC 8,UTC 9,UTC 10,UTC 11
Wed Nov 20 00:00:00 2024,Tuesday PM,Tuesday PM,Tuesday PM,Tuesday PM,Tuesday PM,Tuesday PM,Tuesday PM,Tuesday PM,Tuesday PM,Tuesday PM,Tuesday PM,Wednesday AM,Wednesday AM,Wednesday AM,Wednesday AM,Wednesday AM,Wednesday AM,Wednesday AM,Wednesday AM,Wednesday AM,Wednesday AM,Wednesday AM,Wednesday AM
Wed Nov 20 01:00:00 2024,Tuesday PM,Tuesday PM,Tuesday PM,Tuesday PM,Tuesday PM,Tuesday PM,Tuesday PM,Tuesday PM,Tuesday PM,Tuesday PM,Wednesday AM,Wednesday AM,Wednesday AM,Wednesday AM,Wednesday AM,Wednesday AM,Wednesday AM,Wednesday AM,Wednesday AM,Wednesday AM,Wednesday AM,Wednesday AM,Wednesday PM
Wed Nov 20 02:00:00 2024,Tuesday PM,Tuesday PM,Tuesday PM,Tuesday PM,Tuesday PM,Tuesday PM,Tuesday PM,Tuesday PM,Tuesday PM,Wednesday AM,Wednesday AM,Wednesday AM,Wednesday AM,Wednesday AM,Wednesday AM,Wednesday AM,Wednesday AM,Wednesday AM,Wednesday AM,Wednesday AM,Wednesday AM,Wednesday PM,Wednesday PM
Wed Nov 20 03:00:00 2024,Tuesday PM,Tuesday PM,Tuesday PM,Tuesday PM,Tuesday PM,Tuesday PM,Tuesday PM,Tuesday PM,Wednesday AM,Wednesday AM,Wednesday AM,Wednesday AM,Wednesday AM,Wednesday AM,Wednesday AM,Wednesday AM,Wednesday AM,Wednesday AM,Wednesday AM,Wednesday AM,Wednesday PM,Wednesday PM,Wednesday PM
Wed Nov 20 04:00:00 2024,Tuesday PM,Tuesday PM,Tuesday PM,Tuesday PM,Tuesday PM,Tuesday PM,Tuesday PM,Wednesday AM,Wednesday AM,Wednesday AM,Wednesday AM,Wednesday AM,Wednesday AM,Wednesday AM,Wednesday AM,Wednesday AM,Wednesday AM,Wednesday AM,Wednesday AM,Wednesday PM,Wednesday PM,Wednesday PM,Wednesday PM
Wed Nov 20 05:00:00 2024,Tuesday PM,Tuesday PM,Tuesday PM,Tuesday PM,Tuesday PM,Tuesday PM,Wednesday AM,Wednesday AM,Wednesday AM,Wednesday AM,Wednesday AM,Wednesday AM,Wednesday AM,Wednesday AM,Wednesday AM,Wednesday AM,Wednesday AM,Wednesday AM,Wednesday PM,Wednesday PM,Wednesday PM,Wednesday PM,Wednesday PM
Wed Nov 20 06:00:00 2024,Tuesday PM,Tuesday PM,Tuesday PM,Tuesday PM,Tuesday PM,Wednesday AM,Wednesday AM,Wednesday AM,Wednesday AM,Wednesday AM,Wednesday AM,Wednesday AM,Wednesday AM,Wednesday AM,Wednesday AM,Wednesday AM,Wednesday AM,Wednesday PM,Wednesday PM,Wednesday PM,Wednesday PM,Wednesday PM,Wednesday PM
Wed Nov 20 07:00:00 2024,Tuesday PM,Tuesday PM,Tuesday PM,Tuesday PM,Wednesday AM,Wednesday AM,Wednesday AM,Wednesday AM,Wednesday AM,Wednesday AM,Wednesday AM,Wednesday AM,Wednesday AM,Wednesday AM,Wednesday AM,Wednesday AM,Wednesday PM,Wednesday PM,Wednesday PM,Wednesday PM,Wednesday PM,Wednesday PM,Wednesday PM
Wed Nov 20 08:00:00 2024,Tuesday PM,Tuesday PM,Tuesday PM,Wednesday AM,Wednesday AM,Wednesday AM,Wednesday AM,Wednesday AM,Wednesday AM,Wednesday AM,Wednesday AM,Wednesday AM,Wednesday AM,Wednesday AM,Wednesday AM,Wednesday PM,Wednesday PM,Wednesday PM,Wednesday PM,Wednesday PM,Wednesday PM,Wednesday PM,Wednesday PM
Wed Nov 20 09:00:00 2024,Tuesday PM,Tuesday PM,Wednesday AM,Wednesday AM,Wednesday AM,Wednesday AM,Wednesday AM,Wednesday AM,Wednesday AM,Wednesday AM,Wednesday AM,Wednesday AM,Wednesday AM,Wednesday AM,Wednesday PM,Wednesday PM,Wednesday PM,Wednesday PM,Wednesday PM,Wednesday PM,Wednesday PM,Wednesday PM,Wednesday PM
Wed Nov 20 10:00:00 2024,Tuesday PM,Wednesday AM,Wednesday AM,Wednesday AM,Wednesday AM,Wednesday AM,Wednesday AM,Wednesday AM,Wednesday AM,Wednesday AM,Wednesday AM,Wednesday AM,Wednesday AM,Wednesday PM,Wednesday PM,Wednesday PM,Wednesday PM,Wednesday PM,Wednesday PM,Wednesday PM,Wednesday PM,Wednesday PM,Wednesday PM
Wed Nov 20 11:00:00 2024,Wednesday AM,Wednesday AM,Wednesday AM,Wednesday AM,Wednesday AM,Wednesday AM,Wednesday AM,Wednesday AM,Wednesday AM,Wednesday AM,Wednesday AM,Wednesday AM,Wednesday PM,Wednesday PM,Wednesday PM,Wednesday PM,Wednesday PM,Wednesday PM,Wednesday PM,Wednesday PM,Wednesday PM,Wednesday PM,Wednesday PM
Wed Nov 20 12:00:00 2024,Wednesday AM,Wednesday AM,Wednesday AM,Wednesday AM,Wednesday AM,Wednesday AM,Wednesday AM,Wednesday AM,Wednesday AM,Wednesday AM,Wednesday AM,Wednesday PM,Wednesday PM,Wednesday PM,Wednesday PM,Wednesday PM,Wednesday PM,Wednesday PM,Wednesday PM,Wednesday PM,Wednesday PM,Wednesday PM,Wednesday PM
Wed Nov 20 13:00:00 2024,Wednesday AM,Wednesday AM,Wednesday AM,Wednesday AM,Wednesday AM,Wednesday AM,Wednesday AM,Wednesday AM,Wednesday AM,Wednesday AM,Wednesday PM,Wednesday PM,Wednesday PM,Wednesday PM,Wednesday PM,Wednesday PM,Wednesday PM,Wednesday PM,Wednesday PM,Wednesday PM,Wednesday PM,Wednesday PM,Thursday AM
Wed Nov 20 14:00:00 2024,Wednesday AM,Wednesday AM,Wednesday AM,Wednesday AM,Wednesday AM,Wednesday AM,Wednesday AM,Wednesday AM,Wednesday AM,Wednesday PM,Wednesday PM,Wednesday PM,Wednesday PM,Wednesday PM,Wednesday PM,Wednesday PM,Wednesday PM,Wednesday PM,Wednesday PM,Wednesday PM,Wednesday PM,Thursday AM,Thursday AM
Wed Nov 20 15:00:00 2024,Wednesday AM,Wednesday AM,Wednesday AM,Wednesday AM,Wednesday AM,Wednesday AM,Wednesday AM,Wednesday AM,Wednesday PM,Wednesday PM,Wednesday PM,Wednesday PM,Wednesday PM,Wednesday PM,Wednesday PM,Wednesday PM,Wednesday PM,Wednesday PM,Wednesday PM,Wednesday PM,Thursday AM,Thursday AM,Thursday AM
Wed Nov 20 16:00:00 2024,Wednesday AM,Wednesday AM,Wednesday AM,Wednesday AM,Wednesday AM,Wednesday AM,Wednesday AM,Wednesday PM,Wednesday PM,Wednesday PM,Wednesday PM,Wednesday PM,Wednesday PM,Wednesday PM,Wednesday PM,Wednesday PM,Wednesday PM,Wednesday PM,Wednesday PM,Thursday AM,Thursday AM,Thursday AM,Thursday AM
Wed Nov 20 17:00:00 2024,Wednesday AM,Wednesday AM,Wednesday AM,Wednesday AM,Wednesday AM,Wednesday AM,Wednesday PM,Wednesday PM,Wednesday PM,Wednesday PM,Wednesday PM,Wednesday PM,Wednesday PM,Wednesday PM,Wednesday PM,Wednesday PM,Wednesday PM,Wednesday PM,Thursday AM,Thursday AM,Thursday AM,Thursday AM,Thursday AM
Wed Nov 20 18:00:00 2024,Wednesday AM,Wednesday AM,Wednesday AM,Wednesday AM,Wednesday AM,Wednesday PM,Wednesday PM,Wednesday PM,Wednesday PM,Wednesday PM,Wednesday PM,Wednesday PM,Wednesday PM,Wednesday PM,Wednesday PM,Wednesday PM,Wednesday PM,Thursday AM,Thursday AM,Thursday AM,Thursday AM,Thursday AM,Thursday AM
Wed Nov 20 19:00:00 2024,Wednesday AM,Wednesday AM,Wednesday AM,Wednesday AM,Wednesday PM,Wednesday PM,Wednesday PM,Wednesday PM,Wednesday PM,Wednesday PM,Wednesday PM,Wednesday PM,Wednesday PM,Wednesday PM,Wednesday PM,Wednesday PM,Thursday AM,Thursday AM,Thursday AM,Thursday AM,Thursday AM,Thursday AM,Thursday AM
Wed Nov 20 20:00:00 2024,Wednesday AM,Wednesday AM,Wednesday AM,Wednesday PM,Wednesday PM,Wednesday PM,Wednesday PM,Wednesday PM,Wednesday PM,Wednesday PM,Wednesday PM,Wednesday PM,Wednesday PM,Wednesday PM,Wednesday PM,Thursday AM,Thursday AM,Thursday AM,Thursday AM,Thursday AM,Thursday AM,Thursday AM,Thursday AM
Wed Nov 20 21:00:00 2024,Wednesday AM,Wednesday AM,Wednesday PM,Wednesday PM,Wednesday PM,Wednesday PM,Wednesday PM,Wednesday PM,Wednesday PM,Wednesday PM,Wednesday PM,Wednesday PM,Wednesday PM,Wednesday PM,Thursday AM,Thursday AM,Thursday AM,Thursday AM,Thursday AM,Thursday AM,Thursday AM,Thursday AM,Thursday AM
Wed Nov 20 22:00:00 2024,Wednesday AM,Wednesday PM,Wednesday PM,Wednesday PM,Wednesday PM,Wednesday PM,Wednesday PM,Wednesday PM,Wednesday PM,Wednesday PM,Wednesday PM,Wednesday PM,Wednesday PM,Thursday AM,Thursday AM,Thursday AM,Thursday AM,Thursday AM,Thursday AM,Thursday AM,Thursday AM,Thursday AM,Thursday AM
Wed Nov 20 23:00:00 2024,Wednesday PM,Wednesday PM,Wednesday PM,Wednesday PM,Wednesday PM,Wednesday PM,Wednesday PM,Wednesday PM,Wednesday PM,Wednesday PM,Wednesday PM,Wednesday PM,Thursday AM,Thursday AM,Thursday AM,Thursday AM,Thursday AM,Thursday AM,Thursday AM,Thursday AM,Thursday AM,Thursday AM,Thursday AM
